,Experience,Why me,Why company,Why functional change
1,"The following offers a few highlights of my qualifications:Solid foundation in HR affairs: As senior account executive, I have been responsible for a number of HR functions, including recruiting, interviewing, hiring and training new employees. A quick learner of complex concepts and legal issues, I am eager to broaden these competencies.
Dynamic communication style: I am adept in building relationships, consensus and a shared sense of purpose. I am known for my ability to quickly establish trust with employees, mediate disputes and motivate others into action.Experience in corporate training: A constant throughout my sales career has been my passion for the design and delivery of staff development programs. Comfortable and experienced giving both large and small-group presentations, I have conducted hundreds of training seminars for diverse audiences across all organizational levels.",I hope you will consider my enclosed resume in application for your Associate HR Generalist position. I am confident I have what it takes to be an outstanding contributor in your organization and welcome your call to discuss this opportunity further.,"When I saw the job opening, I knew it was the perfect opportunity to offer you my sales and people skills. I am genuinely looking forward to further discussing the responsibilities involved with the Associate HR Generalist job opening at Innovation Advertising. I am confident my strengths and experience will translate well with your company. I am driven by passion, motivation and determination. Moreover, it will be my goal to ensure your team is successful.","I have been working in sales for almost five years, and I am now looking to transition into corporate human resources at a company such as yours. Although successful in my sales career, I have realized the aspects of my work I find most rewarding are all in HR-related functions."
2,"I have primarily worked as an Operations Manager, which has required me to frequently interface with customers, vendors, and staff. This experience has instilled in me multidimensional communication skills and the ability to recognize, act upon, and fulfill customer wishes and needs in order to ensure their continued positive relationship with the business.","The key strengths that make me suitable for success in this position include, but are not limited to, the following:
• Providing exceptional contributions to customer service for all customers.
• Striving for continued excellence.
• Possessing strong communication skills.
• Being eager to learn new things.
You will find me to be well-spoken, energetic, confident, and personable, someone your customers can rely on. I also have a wide breadth of experience, which allows me to be versatile in a variety of contexts, while still meeting the level of excellence you expect. Please refer to my resume for additional information on my experience.","I am very excited about the opportunity to work for XYZ Company. I connect with your mission to ""deliver the 'five-star' factor"" to both your staff and customers. This tenet is reflected in my own professional and personal values, and I believe this alignment strongly supports my candidacy for this role.","In my most recent job as Operations Manager for ABC Company, I received recognition for ""Excellence in Customer Service"" due to my ability to coordinate complex logistics to keep customers satisfied, even when issues arose that were beyond the control of the organization. This involved not only managing operations but also communicating directly with customers. As a result, I believe my combined ability to successfully manage operations while also effectively interfacing with customers makes me an ideal candidate for the Customer Success Manager role."
3,"As a Marketing Manager, I was responsible for developing, implementing, and executing strategic marketing plans for the entire organization and key brands of our company. In addition to managing the marketing team, I also managed cross-functional teams, including product management, sales, and customer support. My day-to-day work involved analyzing data to evaluate the success of marketing campaigns and coming up with new ideas to improve brand marketing and exposure. Thanks to my latest marketing idea, customer retention increased by 26%, which led to a 7% revenue increase.","Thanks to my skills as a marketing manager, I've won numerous awards, including Manager of the Year and Employee of the Month on numerous occasions. This required not only strength in marketing but also the instinct and ability to manage and motivate a team to work towards a common goal.","I was thrilled to see Electric Morpho's ad for a Sales Manager position because the company's mission is to tell stories that inspire confidence and drive engagement. It would be a pleasure to work at your company, where teamwork, efficiency, and customer satisfaction come first. That is why I'm passionate about joining Electric Morpho's Sales team.","With 10 years of marketing experience, I wish to transition into a sales role at a prestigious company like yours. I have many skills from my marketing career that can translate into success in this role. Although I have been an asset to my previous employer as a marketing manager, I have dealt with many experiences that support common sales skills. I work one-on-one with clients while managing a marketing team. My client relationships are valuable to me because they allow me to build connections, provide relevant product offerings, and maintain an ongoing business relationship."
4,"As a Certified Human Resources Assistant, I possess a strong proficiency in using software programs such as BambooHR, Zenefits, Microsoft Office, and Asana. In my previous role as an Online Marketing Specialist at APPR Group, Inc., I recruited and supervised summer interns, managed marketing budgets, and created content for the company's social media accounts. During my time there, I:
Developed a new online marketing strategy that led to an increase in brand awareness and a 17% reduction in unnecessary advertising expenses.
Was awarded Employee of the Month for completing all assigned tasks and projects in a timely manner.","I am confident that my extensive expertise will help MOD Sequel succeed for many years to come. My background in this industry has prepared me for this opportunity, and I am eager to contribute my skills as a member of your team.","Obtaining the Human Resources Manager position at Lansing would be a dream come true. I have long been an admirer of your company's commitment to quality and innovation, and I cannot imagine a better place to work. If given the opportunity to join your team, I am confident that I would thrive and contribute to the company's continued success.","I believe that human resources is the right career path for me, and I see myself working in this field in the future. With my communication and negotiation skills, as well as my international experience of working, studying, and living in Spain and the United States, I am well-equipped to work with people from different countries and cultures. Additionally, I hold a Master's degree in Marketing Management from Columbia University and a Bachelor's degree in Business Administration from the University of California, Berkeley."
5,"Although I was an expert software engineer for my previous employer, I have developed a greater interest and passion for SEO and digital marketing than writing code. Despite being a software engineer, I was also responsible for the SEO of the previous company's website, and I was able to achieve the following:
Developed and improved landing pages
Launched a new website for the company with a new UI and UX
Increased the daily organic traffic of the company's website from 500 to 6300 within a year.","With my extensive knowledge of CMS customization and marketing skills, I am confident that I would be the best pick for your company as a Digital Marketing Manager. I have a desire to seek new technologies and trends and consider myself an enthusiastic learner who wishes to pursue a brighter career path in the Digital Marketing industry.","Your company is my dream job because it has a great corporate culture and a highly talented team of professionals who believe in their products and value the user's satisfaction over profit. Your company offers great opportunities to learn, grow and make a difference.","As a Software Engineer, I have always been fascinated by the intersection of technology and marketing. My experience developing software and building digital products has given me a unique perspective on how to optimize digital marketing campaigns I have many transferable skills such as analytical skills, critical thinking and research skills, which I can directly use for the success of your company."
6,"As an assistant to a senior executive at McKinsey, I have gained over 2 years of experience in providing high-level support to top executives in a fast-paced environment. I was responsible for preparing the executive for meetings, preparing documents, scheduling meetings and managing his and her schedule. During my time at McKinsey, I worked closely with schedules and documents with highly sensitive information, prepared presentations and reports as well as communicated with top managers from large companies.","At McKinsey I have developed strong skills in project management, communication, and team collaboration, which are essential for a successful SMM manager role. I’m confident that my proven track record of excellent work ethic, unparalleled attention to detail, and high-performing email marketing campaigns will make me an immediate asset for your company and allow me to contribute to the team’s success.","I believe that Ingate is an excellent company to work for because of its supportive work culture, employee-focused policies, and opportunities for growth and development. The company values its employees and fosters a collaborative environment that encourages creativity, innovation, and using cutting-edge technology and digital marketing strategies to provide the best services to its clients.","I became interested in SMM six months ago, when I realized that I was ready to change my professional path - I wanted a more stable work schedule with less dependence on the other person, while leaving room for self-realization and independent decisions. The idea came by itself: I realized that my accounts on social networks are popular, even with little effort on my part."